filter,source_rate_hz,output_rate_hz,frequency_hz,magnitude_db,absolute_group_delay_ms,group_delay_relative_to_peak_ms
SplitPhase128kE2v3,44100,176400,20.000,-0.00000009,2972.24014631,0.00091728
SplitPhase128kE2v3,44100,176400,100.000,-0.00000008,2972.24014631,0.00091728
SplitPhase128kE2v3,44100,176400,200.000,-0.00000008,2972.24014631,0.00091728
SplitPhase128kE2v3,44100,176400,300.000,-0.00000008,2972.24014631,0.00091728
SplitPhase128kE2v3,44100,176400,400.000,-0.00000007,2972.24014631,0.00091728
SplitPhase128kE2v3,44100,176400,500.000,-0.00000007,2972.24014631,0.00091728
SplitPhase128kE2v3,44100,176400,600.000,-0.00000008,2972.24014631,0.00091728
SplitPhase128kE2v3,44100,176400,700.000,-0.00000008,2972.24014631,0.00091728
SplitPhase128kE2v3,44100,176400,800.000,-0.00000008,2972.24014631,0.00091728
SplitPhase128kE2v3,44100,176400,900.000,-0.00000008,2972.24014630,0.00091728
SplitPhase128kE2v3,44100,176400,1000.000,-0.00000008,2972.24014631,0.00091728
SplitPhase128kE2v3,44100,176400,1100.000,-0.00000008,2972.24014631,0.00091728
SplitPhase128kE2v3,44100,176400,1200.000,-0.00000008,2972.24014631,0.00091728
SplitPhase128kE2v3,44100,176400,1300.000,-0.00000008,2972.24014631,0.00091728
SplitPhase128kE2v3,44100,176400,1400.000,-0.00000008,2972.24014631,0.00091728
SplitPhase128kE2v3,44100,176400,1500.000,-0.00000008,2972.24014631,0.00091728
SplitPhase128kE2v3,44100,176400,1600.000,-0.00000008,2972.24014631,0.00091728
SplitPhase128kE2v3,44100,176400,1700.000,-0.00000008,2972.24014631,0.00091728
SplitPhase128kE2v3,44100,176400,1800.000,-0.00000008,2972.24014631,0.00091728
SplitPhase128kE2v3,44100,176400,1900.000,-0.00000008,2972.24014631,0.00091728
SplitPhase128kE2v3,44100,176400,2000.000,-0.00000008,2972.24014631,0.00091728
SplitPhase128kE2v3,44100,176400,2100.000,-0.00000008,2972.24014631,0.00091728
SplitPhase128kE2v3,44100,176400,2200.000,-0.00000008,2972.24014631,0.00091728
SplitPhase128kE2v3,44100,176400,2300.000,-0.00000008,2972.24014631,0.00091728
SplitPhase128kE2v3,44100,176400,2400.000,-0.00000008,2972.24014631,0.00091728
SplitPhase128kE2v3,44100,176400,2500.000,-0.00000007,2972.24014631,0.00091728
SplitPhase128kE2v3,44100,176400,2600.000,-0.00000008,2972.24014631,0.00091728
SplitPhase128kE2v3,44100,176400,2700.000,-0.00000008,2972.24014631,0.00091728
SplitPhase128kE2v3,44100,176400,2800.000,-0.00000008,2972.24014631,0.00091729
SplitPhase128kE2v3,44100,176400,2900.000,-0.00000008,2972.24014632,0.00091729
SplitPhase128kE2v3,44100,176400,3000.000,-0.00000008,2972.24014633,0.00091731
SplitPhase128kE2v3,44100,176400,3100.000,-0.00000008,2972.23971528,0.00048625
SplitPhase128kE2v3,44100,176400,3200.000,-0.00000008,2972.23807598,-0.00115305
SplitPhase128kE2v3,44100,176400,3300.000,-0.00000008,2972.23618235,-0.00304667
SplitPhase128kE2v3,44100,176400,3400.000,-0.00000008,2972.23491314,-0.00431589
SplitPhase128kE2v3,44100,176400,3500.000,-0.00000008,2972.23429702,-0.00493201
SplitPhase128kE2v3,44100,176400,3600.000,-0.00000008,2972.23400923,-0.00521980
SplitPhase128kE2v3,44100,176400,3700.000,-0.00000008,2972.23380204,-0.00542698
SplitPhase128kE2v3,44100,176400,3800.000,-0.00000008,2972.23358187,-0.00564716
SplitPhase128kE2v3,44100,176400,3900.000,-0.00000008,2972.23332875,-0.00590028
SplitPhase128kE2v3,44100,176400,4000.000,-0.00000008,2972.23303696,-0.00619206
SplitPhase128kE2v3,44100,176400,4100.000,-0.00000008,2972.23269968,-0.00652935
SplitPhase128kE2v3,44100,176400,4200.000,-0.00000008,2972.23231662,-0.00691240
SplitPhase128kE2v3,44100,176400,4300.000,-0.00000008,2972.23189763,-0.00733140
SplitPhase128kE2v3,44100,176400,4400.000,-0.00000008,2972.23146018,-0.00776885
SplitPhase128kE2v3,44100,176400,4500.000,-0.00000008,2972.23102223,-0.00820680
SplitPhase128kE2v3,44100,176400,4600.000,-0.00000008,2972.23059658,-0.00863244
SplitPhase128kE2v3,44100,176400,4700.000,-0.00000008,2972.23018881,-0.00904022
SplitPhase128kE2v3,44100,176400,4800.000,-0.00000008,2972.22979817,-0.00943085
SplitPhase128kE2v3,44100,176400,4900.000,-0.00000008,2972.22942280,-0.00980623
SplitPhase128kE2v3,44100,176400,5000.000,-0.00000008,2972.22906065,-0.01016838
SplitPhase128kE2v3,44100,176400,5100.000,-0.00000008,2972.22871092,-0.01051811
SplitPhase128kE2v3,44100,176400,5200.000,-0.00000008,2972.22837381,-0.01085521
SplitPhase128kE2v3,44100,176400,5300.000,-0.00000007,2972.22805003,-0.01117899
SplitPhase128kE2v3,44100,176400,5400.000,-0.00000008,2972.22774039,-0.01148863
SplitPhase128kE2v3,44100,176400,5500.000,-0.00000008,2972.22744587,-0.01178315
SplitPhase128kE2v3,44100,176400,5600.000,-0.00000008,2972.22716660,-0.01206242
SplitPhase128kE2v3,44100,176400,5700.000,-0.00000008,2972.22690336,-0.01232567
SplitPhase128kE2v3,44100,176400,5800.000,-0.00000008,2972.22665656,-0.01257246
SplitPhase128kE2v3,44100,176400,5900.000,-0.00000008,2972.22642658,-0.01280244
SplitPhase128kE2v3,44100,176400,6000.000,-0.00000007,2972.22621371,-0.01301531
SplitPhase128kE2v3,44100,176400,6100.000,-0.00000008,2972.22601819,-0.01321083
SplitPhase128kE2v3,44100,176400,6200.000,-0.00000008,2972.22584038,-0.01338865
SplitPhase128kE2v3,44100,176400,6300.000,-0.00000008,2972.22568012,-0.01354890
SplitPhase128kE2v3,44100,176400,6400.000,-0.00000008,2972.22553773,-0.01369129
SplitPhase128kE2v3,44100,176400,6500.000,-0.00000008,2972.22541329,-0.01381574
SplitPhase128kE2v3,44100,176400,6600.000,-0.00000008,2972.22530683,-0.01392220
SplitPhase128kE2v3,44100,176400,6700.000,-0.00000007,2972.22521840,-0.01401063
SplitPhase128kE2v3,44100,176400,6800.000,-0.00000008,2972.22514793,-0.01408110
SplitPhase128kE2v3,44100,176400,6900.000,-0.00000008,2972.22509539,-0.01413363
SplitPhase128kE2v3,44100,176400,7000.000,-0.00000008,2972.22506054,-0.01416849
SplitPhase128kE2v3,44100,176400,7100.000,-0.00000008,2972.22504329,-0.01418573
SplitPhase128kE2v3,44100,176400,7200.000,-0.00000008,2972.22504349,-0.01418553
SplitPhase128kE2v3,44100,176400,7300.000,-0.00000008,2972.22506097,-0.01416806
SplitPhase128kE2v3,44100,176400,7400.000,-0.00000008,2972.22509558,-0.01413344
SplitPhase128kE2v3,44100,176400,7500.000,-0.00000008,2972.22514720,-0.01408182
SplitPhase128kE2v3,44100,176400,7600.000,-0.00000008,2972.22521564,-0.01401338
SplitPhase128kE2v3,44100,176400,7700.000,-0.00000008,2972.22530087,-0.01392816
SplitPhase128kE2v3,44100,176400,7800.000,-0.00000008,2972.22540265,-0.01382638
SplitPhase128kE2v3,44100,176400,7900.000,-0.00000008,2972.22552080,-0.01370823
SplitPhase128kE2v3,44100,176400,8000.000,-0.00000008,2972.22565504,-0.01357398
SplitPhase128kE2v3,44100,176400,8100.000,-0.00000008,2972.22580510,-0.01342392
SplitPhase128kE2v3,44100,176400,8200.000,-0.00000008,2972.22597064,-0.01325839
SplitPhase128kE2v3,44100,176400,8300.000,-0.00000008,2972.22615127,-0.01307776
SplitPhase128kE2v3,44100,176400,8400.000,-0.00000008,2972.22634651,-0.01288252
SplitPhase128kE2v3,44100,176400,8500.000,-0.00000008,2972.22655635,-0.01267267
SplitPhase128kE2v3,44100,176400,8600.000,-0.00000008,2972.22678038,-0.01244864
SplitPhase128kE2v3,44100,176400,8700.000,-0.00000008,2972.22701836,-0.01221066
SplitPhase128kE2v3,44100,176400,8800.000,-0.00000008,2972.22727016,-0.01195887
SplitPhase128kE2v3,44100,176400,8900.000,-0.00000008,2972.22753559,-0.01169343
SplitPhase128kE2v3,44100,176400,9000.000,-0.00000008,2972.22781457,-0.01141445
SplitPhase128kE2v3,44100,176400,9100.000,-0.00000008,2972.22810668,-0.01112234
SplitPhase128kE2v3,44100,176400,9200.000,-0.00000008,2972.22841226,-0.01081676
SplitPhase128kE2v3,44100,176400,9300.000,-0.00000008,2972.22873078,-0.01049824
SplitPhase128kE2v3,44100,176400,9400.000,-0.00000008,2972.22906194,-0.01016708
SplitPhase128kE2v3,44100,176400,9500.000,-0.00000008,2972.22940540,-0.00982362
SplitPhase128kE2v3,44100,176400,9600.000,-0.00000008,2972.22976076,-0.00946826
SplitPhase128kE2v3,44100,176400,9700.000,-0.00000008,2972.23012779,-0.00910123
SplitPhase128kE2v3,44100,176400,9800.000,-0.00000008,2972.23050625,-0.00872278
SplitPhase128kE2v3,44100,176400,9900.000,-0.00000008,2972.23089714,-0.00833189
SplitPhase128kE2v3,44100,176400,10000.000,-0.00000008,2972.23130097,-0.00792806
SplitPhase128kE2v3,44100,176400,10100.000,-0.00000008,2972.23171907,-0.00750996
SplitPhase128kE2v3,44100,176400,10200.000,-0.00000008,2972.23215335,-0.00707568
SplitPhase128kE2v3,44100,176400,10300.000,-0.00000008,2972.23260618,-0.00662284
SplitPhase128kE2v3,44100,176400,10400.000,-0.00000008,2972.23308035,-0.00614867
SplitPhase128kE2v3,44100,176400,10500.000,-0.00000008,2972.23357835,-0.00565067
SplitPhase128kE2v3,44100,176400,10600.000,-0.00000008,2972.23410368,-0.00512534
SplitPhase128kE2v3,44100,176400,10700.000,-0.00000008,2972.23465831,-0.00457071
SplitPhase128kE2v3,44100,176400,10800.000,-0.00000008,2972.23524402,-0.00398500
SplitPhase128kE2v3,44100,176400,10900.000,-0.00000008,2972.23586198,-0.00336704
SplitPhase128kE2v3,44100,176400,11000.000,-0.00000008,2972.23651244,-0.00271659
SplitPhase128kE2v3,44100,176400,11100.000,-0.00000008,2972.23719483,-0.00203420
SplitPhase128kE2v3,44100,176400,11200.000,-0.00000008,2972.23790784,-0.00132119
SplitPhase128kE2v3,44100,176400,11300.000,-0.00000008,2972.23864949,-0.00057954
SplitPhase128kE2v3,44100,176400,11400.000,-0.00000008,2972.23942036,0.00019133
SplitPhase128kE2v3,44100,176400,11500.000,-0.00000008,2972.24022039,0.00099137
SplitPhase128kE2v3,44100,176400,11600.000,-0.00000008,2972.24105204,0.00182301
SplitPhase128kE2v3,44100,176400,11700.000,-0.00000008,2972.24191985,0.00269082
SplitPhase128kE2v3,44100,176400,11800.000,-0.00000008,2972.24283104,0.00360201
SplitPhase128kE2v3,44100,176400,11900.000,-0.00000008,2972.24379579,0.00456677
SplitPhase128kE2v3,44100,176400,12000.000,-0.00000008,2972.24482657,0.00559754
SplitPhase128kE2v3,44100,176400,12100.000,-0.00000008,2972.24594132,0.00671230
SplitPhase128kE2v3,44100,176400,12200.000,-0.00000008,2972.24715672,0.00792770
SplitPhase128kE2v3,44100,176400,12300.000,-0.00000008,2972.24848937,0.00926034
SplitPhase128kE2v3,44100,176400,12400.000,-0.00000008,2972.24995315,0.01072413
SplitPhase128kE2v3,44100,176400,12500.000,-0.00000008,2972.25155772,0.01232870
SplitPhase128kE2v3,44100,176400,12600.000,-0.00000008,2972.25330686,0.01407784
SplitPhase128kE2v3,44100,176400,12700.000,-0.00000008,2972.25519583,0.01596681
SplitPhase128kE2v3,44100,176400,12800.000,-0.00000008,2972.25721660,0.01798757
SplitPhase128kE2v3,44100,176400,12900.000,-0.00000008,2972.25934747,0.02011845
SplitPhase128kE2v3,44100,176400,13000.000,-0.00000008,2972.26155863,0.02232961
SplitPhase128kE2v3,44100,176400,13100.000,-0.00000008,2972.26381090,0.02458187
SplitPhase128kE2v3,44100,176400,13200.000,-0.00000008,2972.26605990,0.02683087
SplitPhase128kE2v3,44100,176400,13300.000,-0.00000008,2972.26826099,0.02903196
SplitPhase128kE2v3,44100,176400,13400.000,-0.00000008,2972.27037208,0.03114306
SplitPhase128kE2v3,44100,176400,13500.000,-0.00000008,2972.27236492,0.03313590
SplitPhase128kE2v3,44100,176400,13600.000,-0.00000008,2972.27421799,0.03498896
SplitPhase128kE2v3,44100,176400,13700.000,-0.00000008,2972.27592676,0.03669773
SplitPhase128kE2v3,44100,176400,13800.000,-0.00000008,2972.27750497,0.03827595
SplitPhase128kE2v3,44100,176400,13900.000,-0.00000008,2972.27898684,0.03975781
SplitPhase128kE2v3,44100,176400,14000.000,-0.00000008,2972.28042939,0.04120036
SplitPhase128kE2v3,44100,176400,14100.000,-0.00000008,2972.28189635,0.04266733
SplitPhase128kE2v3,44100,176400,14200.000,-0.00000008,2972.28340621,0.04417719
SplitPhase128kE2v3,44100,176400,14300.000,-0.00000008,2972.28495934,0.04573032
SplitPhase128kE2v3,44100,176400,14400.000,-0.00000008,2972.28655756,0.04732853
SplitPhase128kE2v3,44100,176400,14500.000,-0.00000008,2972.28820275,0.04897372
SplitPhase128kE2v3,44100,176400,14600.000,-0.00000008,2972.28989680,0.05066778
SplitPhase128kE2v3,44100,176400,14700.000,-0.00000008,2972.29164187,0.05241285
SplitPhase128kE2v3,44100,176400,14800.000,-0.00000008,2972.29344015,0.05421112
SplitPhase128kE2v3,44100,176400,14900.000,-0.00000008,2972.29529236,0.05606333
SplitPhase128kE2v3,44100,176400,15000.000,-0.00000008,2972.29720414,0.05797511
SplitPhase128kE2v3,44100,176400,15100.000,-0.00000008,2972.29917653,0.05994751
SplitPhase128kE2v3,44100,176400,15200.000,-0.00000008,2972.30121235,0.06198332
SplitPhase128kE2v3,44100,176400,15300.000,-0.00000008,2972.30331460,0.06408557
SplitPhase128kE2v3,44100,176400,15400.000,-0.00000008,2972.30548632,0.06625730
SplitPhase128kE2v3,44100,176400,15500.000,-0.00000008,2972.30773099,0.06850196
SplitPhase128kE2v3,44100,176400,15600.000,-0.00000008,2972.31005015,0.07082112
SplitPhase128kE2v3,44100,176400,15700.000,-0.00000008,2972.31245153,0.07322250
SplitPhase128kE2v3,44100,176400,15800.000,-0.00000008,2972.31493729,0.07570826
SplitPhase128kE2v3,44100,176400,15900.000,-0.00000008,2972.31751183,0.07828280
SplitPhase128kE2v3,44100,176400,16000.000,-0.00000008,2972.32017980,0.08095077
SplitPhase128kE2v3,44100,176400,16100.000,-0.00000008,2972.32294619,0.08371717
SplitPhase128kE2v3,44100,176400,16200.000,-0.00000008,2972.32581646,0.08658743
SplitPhase128kE2v3,44100,176400,16300.000,-0.00000008,2972.32879376,0.08956473
SplitPhase128kE2v3,44100,176400,16400.000,-0.00000008,2972.33188935,0.09266033
SplitPhase128kE2v3,44100,176400,16500.000,-0.00000008,2972.33510751,0.09587849
SplitPhase128kE2v3,44100,176400,16600.000,-0.00000008,2972.33845545,0.09922643
SplitPhase128kE2v3,44100,176400,16700.000,-0.00000008,2972.34194104,0.10271202
SplitPhase128kE2v3,44100,176400,16800.000,-0.00000008,2972.34557270,0.10634367
SplitPhase128kE2v3,44100,176400,16900.000,-0.00000008,2972.34935972,0.11013070
SplitPhase128kE2v3,44100,176400,17000.000,-0.00000008,2972.35330867,0.11407965
SplitPhase128kE2v3,44100,176400,17100.000,-0.00000008,2972.35743701,0.11820798
SplitPhase128kE2v3,44100,176400,17200.000,-0.00000008,2972.36175339,0.12252436
SplitPhase128kE2v3,44100,176400,17300.000,-0.00000008,2972.36627082,0.12704180
SplitPhase128kE2v3,44100,176400,17400.000,-0.00000008,2972.37100343,0.13177441
SplitPhase128kE2v3,44100,176400,17500.000,-0.00000008,2972.37596685,0.13673782
SplitPhase128kE2v3,44100,176400,17600.000,-0.00000008,2972.38117817,0.14194914
SplitPhase128kE2v3,44100,176400,17700.000,-0.00000008,2972.38665634,0.14742731
SplitPhase128kE2v3,44100,176400,17800.000,-0.00000008,2972.39241728,0.15318826
SplitPhase128kE2v3,44100,176400,17900.000,-0.00000007,2972.39849377,0.15926474
SplitPhase128kE2v3,44100,176400,18000.000,-0.00000008,2972.40490684,0.16567781
SplitPhase128kE2v3,44100,176400,18100.000,-0.00000008,2972.41168525,0.17245623
SplitPhase128kE2v3,44100,176400,18200.000,-0.00000008,2972.41886108,0.17963206
SplitPhase128kE2v3,44100,176400,18300.000,-0.00000008,2972.42647043,0.18724140
SplitPhase128kE2v3,44100,176400,18400.000,-0.00000008,2972.43455386,0.19532483
SplitPhase128kE2v3,44100,176400,18500.000,-0.00000008,2972.44314989,0.20392086
SplitPhase128kE2v3,44100,176400,18600.000,-0.00000007,2972.45232526,0.21309624
SplitPhase128kE2v3,44100,176400,18700.000,-0.00000008,2972.46213254,0.22290351
SplitPhase128kE2v3,44100,176400,18800.000,-0.00000008,2972.47264010,0.23341108
SplitPhase128kE2v3,44100,176400,18900.000,-0.00000008,2972.48392692,0.24469789
SplitPhase128kE2v3,44100,176400,19000.000,-0.00000008,2972.49608458,0.25685556
SplitPhase128kE2v3,44100,176400,19100.000,-0.00000008,2972.50922014,0.26999112
SplitPhase128kE2v3,44100,176400,19200.000,-0.00000007,2972.52344718,0.28421815
SplitPhase128kE2v3,44100,176400,19300.000,-0.00000008,2972.53893909,0.29971007
SplitPhase128kE2v3,44100,176400,19400.000,-0.00000008,2972.55586365,0.31663463
SplitPhase128kE2v3,44100,176400,19500.000,-0.00000008,2972.57443809,0.33520906
SplitPhase128kE2v3,44100,176400,19600.000,-0.00000008,2972.59492888,0.35569986
SplitPhase128kE2v3,44100,176400,19700.000,-0.00000007,2972.61766823,0.37843921
SplitPhase128kE2v3,44100,176400,19800.000,-0.00000009,2972.64307800,0.40384897
SplitPhase128kE2v3,44100,176400,19900.000,-0.00000007,2972.67168164,0.43245262
SplitPhase128kE2v3,44100,176400,20000.000,-0.00000007,2972.70426629,0.46503727
SplitPhase128kE3,44100,176400,20.000,-0.00000009,2972.23997875,0.00074973
SplitPhase128kE3,44100,176400,100.000,-0.00000008,2972.23997180,0.00074277
SplitPhase128kE3,44100,176400,200.000,-0.00000008,2972.23996289,0.00073386
SplitPhase128kE3,44100,176400,300.000,-0.00000008,2972.23995373,0.00072471
SplitPhase128kE3,44100,176400,400.000,-0.00000007,2972.23994436,0.00071533
SplitPhase128kE3,44100,176400,500.000,-0.00000007,2972.23993476,0.00070574
SplitPhase128kE3,44100,176400,600.000,-0.00000007,2972.23992499,0.00069596
SplitPhase128kE3,44100,176400,700.000,-0.00000008,2972.23991504,0.00068602
SplitPhase128kE3,44100,176400,800.000,-0.00000008,2972.23990497,0.00067595
SplitPhase128kE3,44100,176400,900.000,-0.00000008,2972.23989480,0.00066578
SplitPhase128kE3,44100,176400,1000.000,-0.00000008,2972.23988457,0.00065554
SplitPhase128kE3,44100,176400,1100.000,-0.00000007,2972.23987433,0.00064531
SplitPhase128kE3,44100,176400,1200.000,-0.00000007,2972.23986411,0.00063509
SplitPhase128kE3,44100,176400,1300.000,-0.00000008,2972.23985397,0.00062494
SplitPhase128kE3,44100,176400,1400.000,-0.00000008,2972.23984396,0.00061493
SplitPhase128kE3,44100,176400,1500.000,-0.00000008,2972.23983414,0.00060512
SplitPhase128kE3,44100,176400,1600.000,-0.00000008,2972.23982460,0.00059557
SplitPhase128kE3,44100,176400,1700.000,-0.00000008,2972.23981539,0.00058637
SplitPhase128kE3,44100,176400,1800.000,-0.00000007,2972.23980660,0.00057758
SplitPhase128kE3,44100,176400,1900.000,-0.00000007,2972.23979833,0.00056930
SplitPhase128kE3,44100,176400,2000.000,-0.00000008,2972.23979064,0.00056161
SplitPhase128kE3,44100,176400,2100.000,-0.00000008,2972.23978365,0.00055462
SplitPhase128kE3,44100,176400,2200.000,-0.00000008,2972.23977746,0.00054843
SplitPhase128kE3,44100,176400,2300.000,-0.00000008,2972.23977219,0.00054316
SplitPhase128kE3,44100,176400,2400.000,-0.00000007,2972.23976795,0.00053892
SplitPhase128kE3,44100,176400,2500.000,-0.00000007,2972.23976488,0.00053586
SplitPhase128kE3,44100,176400,2600.000,-0.00000007,2972.23976311,0.00053409
SplitPhase128kE3,44100,176400,2700.000,-0.00000008,2972.23976279,0.00053377
SplitPhase128kE3,44100,176400,2800.000,-0.00000008,2972.23976406,0.00053503
SplitPhase128kE3,44100,176400,2900.000,-0.00000008,2972.23976707,0.00053805
SplitPhase128kE3,44100,176400,3000.000,-0.00000008,2972.23977202,0.00054300
SplitPhase128kE3,44100,176400,3100.000,-0.00000008,2972.23934798,0.00011895
SplitPhase128kE3,44100,176400,3200.000,-0.00000008,2972.23771795,-0.00151108
SplitPhase128kE3,44100,176400,3300.000,-0.00000008,2972.23583603,-0.00339299
SplitPhase128kE3,44100,176400,3400.000,-0.00000008,2972.23458116,-0.00464786
SplitPhase128kE3,44100,176400,3500.000,-0.00000008,2972.23398221,-0.00524681
SplitPhase128kE3,44100,176400,3600.000,-0.00000008,2972.23371462,-0.00551441
SplitPhase128kE3,44100,176400,3700.000,-0.00000008,2972.23353085,-0.00569817
SplitPhase128kE3,44100,176400,3800.000,-0.00000008,2972.23333752,-0.00589151
SplitPhase128kE3,44100,176400,3900.000,-0.00000007,2972.23311489,-0.00611414
SplitPhase128kE3,44100,176400,4000.000,-0.00000008,2972.23285739,-0.00637164
SplitPhase128kE3,44100,176400,4100.000,-0.00000008,2972.23255847,-0.00667056
SplitPhase128kE3,44100,176400,4200.000,-0.00000008,2972.23221802,-0.00701100
SplitPhase128kE3,44100,176400,4300.000,-0.00000008,2972.23184610,-0.00738293
SplitPhase128kE3,44100,176400,4400.000,-0.00000008,2972.23146036,-0.00776866
SplitPhase128kE3,44100,176400,4500.000,-0.00000008,2972.23107896,-0.00815007
SplitPhase128kE3,44100,176400,4600.000,-0.00000007,2972.23071488,-0.00851415
SplitPhase128kE3,44100,176400,4700.000,-0.00000008,2972.23037381,-0.00885521
SplitPhase128kE3,44100,176400,4800.000,-0.00000008,2972.23005529,-0.00917374
SplitPhase128kE3,44100,176400,4900.000,-0.00000008,2972.22975754,-0.00947149
SplitPhase128kE3,44100,176400,5000.000,-0.00000008,2972.22947863,-0.00975039
SplitPhase128kE3,44100,176400,5100.000,-0.00000008,2972.22921792,-0.01001111
SplitPhase128kE3,44100,176400,5200.000,-0.00000008,2972.22897569,-0.01025334
SplitPhase128kE3,44100,176400,5300.000,-0.00000007,2972.22875272,-0.01047631
SplitPhase128kE3,44100,176400,5400.000,-0.00000008,2972.22854990,-0.01067913
SplitPhase128kE3,44100,176400,5500.000,-0.00000008,2972.22836814,-0.01086089
SplitPhase128kE3,44100,176400,5600.000,-0.00000008,2972.22820779,-0.01102124
SplitPhase128kE3,44100,176400,5700.000,-0.00000008,2972.22806953,-0.01115949
SplitPhase128kE3,44100,176400,5800.000,-0.00000008,2972.22795376,-0.01127526
SplitPhase128kE3,44100,176400,5900.000,-0.00000008,2972.22786081,-0.01136822
SplitPhase128kE3,44100,176400,6000.000,-0.00000007,2972.22779089,-0.01143813
SplitPhase128kE3,44100,176400,6100.000,-0.00000008,2972.22774420,-0.01148482
SplitPhase128kE3,44100,176400,6200.000,-0.00000008,2972.22772083,-0.01150820
SplitPhase128kE3,44100,176400,6300.000,-0.00000008,2972.22772081,-0.01150821
SplitPhase128kE3,44100,176400,6400.000,-0.00000008,2972.22774416,-0.01148486
SplitPhase128kE3,44100,176400,6500.000,-0.00000008,2972.22779088,-0.01143815
SplitPhase128kE3,44100,176400,6600.000,-0.00000008,2972.22786088,-0.01136814
SplitPhase128kE3,44100,176400,6700.000,-0.00000007,2972.22795407,-0.01127496
SplitPhase128kE3,44100,176400,6800.000,-0.00000008,2972.22807028,-0.01115875
SplitPhase128kE3,44100,176400,6900.000,-0.00000008,2972.22820919,-0.01101983
SplitPhase128kE3,44100,176400,7000.000,-0.00000008,2972.22837084,-0.01085818
SplitPhase128kE3,44100,176400,7100.000,-0.00000008,2972.22855492,-0.01067410
SplitPhase128kE3,44100,176400,7200.000,-0.00000008,2972.22876123,-0.01046779
SplitPhase128kE3,44100,176400,7300.000,-0.00000008,2972.22898963,-0.01023939
SplitPhase128kE3,44100,176400,7400.000,-0.00000007,2972.22924001,-0.00998902
SplitPhase128kE3,44100,176400,7500.000,-0.00000008,2972.22951235,-0.00971668
SplitPhase128kE3,44100,176400,7600.000,-0.00000008,2972.22980631,-0.00942271
SplitPhase128kE3,44100,176400,7700.000,-0.00000008,2972.23012245,-0.00910658
SplitPhase128kE3,44100,176400,7800.000,-0.00000008,2972.23046052,-0.00876851
SplitPhase128kE3,44100,176400,7900.000,-0.00000008,2972.23082049,-0.00840853
SplitPhase128kE3,44100,176400,8000.000,-0.00000008,2972.23120235,-0.00802668
SplitPhase128kE3,44100,176400,8100.000,-0.00000007,2972.23160597,-0.00762305
SplitPhase128kE3,44100,176400,8200.000,-0.00000008,2972.23203113,-0.00719789
SplitPhase128kE3,44100,176400,8300.000,-0.00000008,2972.23247765,-0.00675137
SplitPhase128kE3,44100,176400,8400.000,-0.00000008,2972.23294478,-0.00628425
SplitPhase128kE3,44100,176400,8500.000,-0.00000008,2972.23343291,-0.00579611
SplitPhase128kE3,44100,176400,8600.000,-0.00000008,2972.23394113,-0.00528790
SplitPhase128kE3,44100,176400,8700.000,-0.00000008,2972.23446877,-0.00476026
SplitPhase128kE3,44100,176400,8800.000,-0.00000007,2972.23501499,-0.00421403
SplitPhase128kE3,44100,176400,8900.000,-0.00000008,2972.23557864,-0.00365038
SplitPhase128kE3,44100,176400,9000.000,-0.00000008,2972.23615828,-0.00307075
SplitPhase128kE3,44100,176400,9100.000,-0.00000008,2972.23675150,-0.00247752
SplitPhase128kE3,44100,176400,9200.000,-0.00000008,2972.23735692,-0.00187211
SplitPhase128kE3,44100,176400,9300.000,-0.00000008,2972.23797108,-0.00125795
SplitPhase128kE3,44100,176400,9400.000,-0.00000008,2972.23859044,-0.00063858
SplitPhase128kE3,44100,176400,9500.000,-0.00000007,2972.23921087,-0.00001816
SplitPhase128kE3,44100,176400,9600.000,-0.00000008,2972.23982775,0.00059872
SplitPhase128kE3,44100,176400,9700.000,-0.00000008,2972.24043624,0.00120722
SplitPhase128kE3,44100,176400,9800.000,-0.00000008,2972.24103116,0.00180214
SplitPhase128kE3,44100,176400,9900.000,-0.00000008,2972.24160956,0.00238053
SplitPhase128kE3,44100,176400,10000.000,-0.00000008,2972.24216856,0.00293954
SplitPhase128kE3,44100,176400,10100.000,-0.00000008,2972.24270868,0.00347965
SplitPhase128kE3,44100,176400,10200.000,-0.00000007,2972.24323512,0.00400609
SplitPhase128kE3,44100,176400,10300.000,-0.00000008,2972.24375996,0.00453093
SplitPhase128kE3,44100,176400,10400.000,-0.00000008,2972.24430436,0.00507533
SplitPhase128kE3,44100,176400,10500.000,-0.00000008,2972.24489992,0.00567090
SplitPhase128kE3,44100,176400,10600.000,-0.00000008,2972.24559088,0.00636185
SplitPhase128kE3,44100,176400,10700.000,-0.00000008,2972.24642866,0.00719964
SplitPhase128kE3,44100,176400,10800.000,-0.00000007,2972.24746689,0.00823786
SplitPhase128kE3,44100,176400,10900.000,-0.00000008,2972.24874789,0.00951887
SplitPhase128kE3,44100,176400,11000.000,-0.00000008,2972.25028206,0.01105304
SplitPhase128kE3,44100,176400,11100.000,-0.00000008,2972.25201675,0.01278773
SplitPhase128kE3,44100,176400,11200.000,-0.00000008,2972.25379323,0.01456421
SplitPhase128kE3,44100,176400,11300.000,-0.00000008,2972.25530409,0.01607507
SplitPhase128kE3,44100,176400,11400.000,-0.00000008,2972.25611360,0.01688457
SplitPhase128kE3,44100,176400,11500.000,-0.00000007,2972.25581861,0.01658959
SplitPhase128kE3,44100,176400,11600.000,-0.00000008,2972.25440824,0.01517922
SplitPhase128kE3,44100,176400,11700.000,-0.00000008,2972.25258069,0.01335166
SplitPhase128kE3,44100,176400,11800.000,-0.00000008,2972.25157943,0.01235041
SplitPhase128kE3,44100,176400,11900.000,-0.00000008,2972.25236847,0.01313945
SplitPhase128kE3,44100,176400,12000.000,-0.00000008,2972.25473303,0.01550401
SplitPhase128kE3,44100,176400,12100.000,-0.00000008,2972.25727679,0.01804776
SplitPhase128kE3,44100,176400,12200.000,-0.00000007,2972.25846405,0.01923503
SplitPhase128kE3,44100,176400,12300.000,-0.00000008,2972.25780015,0.01857112
SplitPhase128kE3,44100,176400,12400.000,-0.00000008,2972.25608166,0.01685263
SplitPhase128kE3,44100,176400,12500.000,-0.00000008,2972.25467007,0.01544104
SplitPhase128kE3,44100,176400,12600.000,-0.00000008,2972.25450690,0.01527787
SplitPhase128kE3,44100,176400,12700.000,-0.00000008,2972.25555275,0.01632372
SplitPhase128kE3,44100,176400,12800.000,-0.00000008,2972.25694435,0.01771532
SplitPhase128kE3,44100,176400,12900.000,-0.00000007,2972.25771978,0.01849076
SplitPhase128kE3,44100,176400,13000.000,-0.00000008,2972.25757418,0.01834515
SplitPhase128kE3,44100,176400,13100.000,-0.00000008,2972.25697593,0.01774691
SplitPhase128kE3,44100,176400,13200.000,-0.00000008,2972.25657809,0.01734907
SplitPhase128kE3,44100,176400,13300.000,-0.00000008,2972.25659389,0.01736486
SplitPhase128kE3,44100,176400,13400.000,-0.00000008,2972.25677816,0.01754914
SplitPhase128kE3,44100,176400,13500.000,-0.00000008,2972.25689030,0.01766128
SplitPhase128kE3,44100,176400,13600.000,-0.00000008,2972.25700645,0.01777743
SplitPhase128kE3,44100,176400,13700.000,-0.00000008,2972.25737732,0.01814829
SplitPhase128kE3,44100,176400,13800.000,-0.00000008,2972.25812217,0.01889314
SplitPhase128kE3,44100,176400,13900.000,-0.00000008,2972.25916486,0.01993583
SplitPhase128kE3,44100,176400,14000.000,-0.00000008,2972.26042500,0.02119598
SplitPhase128kE3,44100,176400,14100.000,-0.00000008,2972.26195742,0.02272840
SplitPhase128kE3,44100,176400,14200.000,-0.00000008,2972.26385225,0.02462322
SplitPhase128kE3,44100,176400,14300.000,-0.00000008,2972.26612818,0.02689916
SplitPhase128kE3,44100,176400,14400.000,-0.00000008,2972.26871988,0.02949086
SplitPhase128kE3,44100,176400,14500.000,-0.00000008,2972.27156847,0.03233944
SplitPhase128kE3,44100,176400,14600.000,-0.00000008,2972.27471916,0.03549014
SplitPhase128kE3,44100,176400,14700.000,-0.00000008,2972.27832490,0.03909588
SplitPhase128kE3,44100,176400,14800.000,-0.00000008,2972.28254660,0.04331758
SplitPhase128kE3,44100,176400,14900.000,-0.00000008,2972.28741542,0.04818639
SplitPhase128kE3,44100,176400,15000.000,-0.00000008,2972.29281263,0.05358361
SplitPhase128kE3,44100,176400,15100.000,-0.00000008,2972.29859899,0.05936996
SplitPhase128kE3,44100,176400,15200.000,-0.00000008,2972.30488584,0.06565681
SplitPhase128kE3,44100,176400,15300.000,-0.00000008,2972.31210780,0.07287877
SplitPhase128kE3,44100,176400,15400.000,-0.00000008,2972.32076340,0.08153438
SplitPhase128kE3,44100,176400,15500.000,-0.00000008,2972.33107975,0.09185073
SplitPhase128kE3,44100,176400,15600.000,-0.00000007,2972.34304168,0.10381265
SplitPhase128kE3,44100,176400,15700.000,-0.00000008,2972.35689459,0.11766556
SplitPhase128kE3,44100,176400,15800.000,-0.00000008,2972.37344286,0.13421384
SplitPhase128kE3,44100,176400,15900.000,-0.00000008,2972.39389776,0.15466874
SplitPhase128kE3,44100,176400,16000.000,-0.00000008,2972.41939127,0.18016224
SplitPhase128kE3,44100,176400,16100.000,-0.00000008,2972.45087819,0.21164916
SplitPhase128kE3,44100,176400,16200.000,-0.00000008,2972.48956085,0.25033182
SplitPhase128kE3,44100,176400,16300.000,-0.00000008,2972.53709764,0.29786861
SplitPhase128kE3,44100,176400,16400.000,-0.00000008,2972.59498194,0.35575291
SplitPhase128kE3,44100,176400,16500.000,-0.00000008,2972.66228089,0.42305187
SplitPhase128kE3,44100,176400,16600.000,-0.00000007,2972.73334200,0.49411297
SplitPhase128kE3,44100,176400,16700.000,-0.00000008,2972.79668438,0.55745535
SplitPhase128kE3,44100,176400,16800.000,-0.00000008,2972.83749038,0.59826135
SplitPhase128kE3,44100,176400,16900.000,-0.00000008,2972.84408447,0.60485545
SplitPhase128kE3,44100,176400,17000.000,-0.00000008,2972.81471164,0.57548262
SplitPhase128kE3,44100,176400,17100.000,-0.00000008,2972.75867203,0.51944301
SplitPhase128kE3,44100,176400,17200.000,-0.00000008,2972.69088589,0.45165686
SplitPhase128kE3,44100,176400,17300.000,-0.00000008,2972.62427715,0.38504812
SplitPhase128kE3,44100,176400,17400.000,-0.00000008,2972.56587472,0.32664570
SplitPhase128kE3,44100,176400,17500.000,-0.00000008,2972.51749625,0.27826723
SplitPhase128kE3,44100,176400,17600.000,-0.00000008,2972.47838201,0.23915298
SplitPhase128kE3,44100,176400,17700.000,-0.00000008,2972.44725702,0.20802800
SplitPhase128kE3,44100,176400,17800.000,-0.00000008,2972.42308379,0.18385476
SplitPhase128kE3,44100,176400,17900.000,-0.00000007,2972.40482084,0.16559182
SplitPhase128kE3,44100,176400,18000.000,-0.00000008,2972.39117423,0.15194521
SplitPhase128kE3,44100,176400,18100.000,-0.00000008,2972.38051531,0.14128629
SplitPhase128kE3,44100,176400,18200.000,-0.00000008,2972.37141697,0.13218794
SplitPhase128kE3,44100,176400,18300.000,-0.00000008,2972.36322129,0.12399227
SplitPhase128kE3,44100,176400,18400.000,-0.00000008,2972.35615423,0.11692520
SplitPhase128kE3,44100,176400,18500.000,-0.00000008,2972.35093853,0.11170951
SplitPhase128kE3,44100,176400,18600.000,-0.00000007,2972.34814489,0.10891587
SplitPhase128kE3,44100,176400,18700.000,-0.00000008,2972.34768764,0.10845861
SplitPhase128kE3,44100,176400,18800.000,-0.00000008,2972.34874076,0.10951174
SplitPhase128kE3,44100,176400,18900.000,-0.00000007,2972.35025750,0.11102848
SplitPhase128kE3,44100,176400,19000.000,-0.00000008,2972.35166337,0.11243434
SplitPhase128kE3,44100,176400,19100.000,-0.00000008,2972.35313549,0.11390647
SplitPhase128kE3,44100,176400,19200.000,-0.00000007,2972.35529669,0.11606766
SplitPhase128kE3,44100,176400,19300.000,-0.00000008,2972.35872773,0.11949870
SplitPhase128kE3,44100,176400,19400.000,-0.00000008,2972.36372161,0.12449259
SplitPhase128kE3,44100,176400,19500.000,-0.00000008,2972.37035192,0.13112289
SplitPhase128kE3,44100,176400,19600.000,-0.00000008,2972.37855891,0.13932989
SplitPhase128kE3,44100,176400,19700.000,-0.00000007,2972.38815362,0.14892460
SplitPhase128kE3,44100,176400,19800.000,-0.00000008,2972.39894973,0.15972070
SplitPhase128kE3,44100,176400,19900.000,-0.00000007,2972.41115393,0.17192491
SplitPhase128kE3,44100,176400,20000.000,-0.00000007,2972.42576311,0.18653408
